{"epoch": 3, "lr": 0.001, "closs_weight": 0.33333333333333337, "dloss_weight": 1.0, "loss/c_loss": 1.7856, "loss/d_loss": 1.2449, "loss/total_loss": 3.0305, "num_noise/rho_col_0": 11.977231979370117, "num_noise/rho_col_1": 11.98746109008789, "num_noise/rho_col_2": 11.996183395385742, "num_noise/rho_col_3": 12.032310485839844, "num_noise/rho_col_4": 12.016130447387695, "num_noise/rho_col_5": 11.983839988708496, "cat_noise/k_col_0": 1.0023638010025024, "cat_noise/k_col_1": 1.0023592710494995, "cat_noise/k_col_2": 1.0023784637451172, "cat_noise/k_col_3": 1.0023572444915771, "cat_noise/k_col_4": 1.002368450164795, "cat_noise/k_col_5": 1.0023868083953857, "cat_noise/k_col_6": 1.0023746490478516, "cat_noise/k_col_7": 1.0023740530014038, "density/Shape": 0.8225703843774542, "density/Trend": 0.7254946260031208, "density/Overall": 0.7740325051902874, "_timestamp": 1775640095.2131255, "_runtime": 173.77968645095825, "_step": 3, "training_time": 169.11497831344604, "_wandb": {"runtime": 170}}